pesdb_id,name,real_team_code,league,nation,region,height,weight,age,foot,role,overall,offensive_awareness,ball_control,dribbling,tight_possession,low_pass,lofted_pass,finishing,heading,set_piece_taking,curl,defensive_awareness,tackling,aggression,defensive_engagement,gk_awareness,gk_catching,gk_parrying,gk_reflexes,gk_reach,speed,acceleration,kicking_power,jumping,physical_contact,balance,stamina,weak_foot_usage,weak_foot_accuracy,playing_style,ruoli_naturali,ruoli_secondari,ruoli_utilizzabili,pos_pt,pos_dc,pos_ts,pos_td,pos_med,pos_cc,pos_cls,pos_cld,pos_trq,pos_esa,pos_eda,pos_sp,pos_p,Player_Skills_1,Player_Skills_2,Player_Skills_3,Player_Skills_4,Player_Skills_5,Player_Skills_6,Player_Skills_7,Player_Skills_8,Player_Skills_9,Player_Skills_10,Max Overall:,Card Type:,Neck Length:,Neck Size:,Shoulder Height:,Shoulder Width:,Chest Measurement:,Waist Size:,Arm Size:,Arm Length:,Thigh Size:,Calf Size:,Leg Length:
157836,Victor Boniface,Bayer 04 Leverkusen,Other (Europe),Nigeria,Africa,189,79,26,Destro,P,78,77,68,70,65,59,57,77,79,62,56,45,42,51,53,40,40,40,40,40,71,60,78,73,77,53,64,2,3,Att:Rapace D'Area | Def:Base,P,,P,0,0,0,0,0,0,0,0,0,0,0,0,2,Colpo di Testa,Tiro a salire,Long Range Shooting,Finalizzazione Acrobatiche,Tiro di Prima,Specialista dei rigori,Superiorita Aerea,Super Riserva,,,78,Standard,5,7,9,8,6,6,8,7,7,6,11
108746,Matias Vargas,Mendoza NB,Argentine League,Argentina,South America,168,66,29,Destro,ESA,74,65,69,74,75,69,69,64,49,69,72,48,48,50,61,40,40,40,40,40,71,76,71,55,59,79,73,3,3,Att:Taglio Al centro | Def:Base,ESA,,ESA,0,0,0,0,0,0,0,0,0,2,0,0,0,Doppio tocco,Doppio Passo e Giro,Controllo di suola,Tiro a Giro da Lontano,Tiro di collo,Tiro di Prima,Passaggio Filtrante,Cross Preciso,Esterno a giro,Furbizia,74,Standard,5,7,9,7,6,7,7,6,7,7,7
60068,Joaquin Correa,Buenos Aires RB,Argentine League,Argentina,South America,188,77,32,Destro,SP,74,69,75,72,69,69,64,65,61,60,67,47,51,58,52,40,40,40,40,40,73,71,71,58,71,65,72,2,2,Att:Giocatore chiave | Def:Base,SP,,SP,0,0,0,0,0,0,0,0,0,0,0,2,0,Finta doppio passo,Doppio tocco,Roulette,Svolta secca,Doppio Passo e Giro,Rimbalzo interno,Passaggio di Prima,Esterno a giro,Furbizia,Super Riserva,74,Standard,7,6,4,5,4,5,7,4,6,7,7
132338,Aleksa Terzic,Frosinone GA,Italian League,Serbia,Europe,184,79,27,Sinistro,TS,73,62,66,69,61,65,73,55,60,59,66,62,64,63,60,40,40,40,40,40,77,72,68,63,71,60,73,2,2,Att:Attacking Full-back | Def:Base,TS,,TS,0,0,2,0,0,0,0,0,0,0,0,0,0,Cross Preciso,Esterno a giro,Spirito Combattivo,,,,,,,,73,Standard,5,7,9,7,6,6,6,7,7,6,7
115023,Gaston Togni,Vicente Lopez M,Argentine League,Argentina,South America,180,76,29,Sinistro,ESA,73,69,70,71,66,68,70,67,60,67,74,51,49,56,52,40,40,40,40,40,71,68,73,60,65,69,72,2,2,Att:Ala Prolifica | Def:Base,ESA,,ESA,0,0,0,0,0,0,0,0,0,2,0,0,0,Roulette,Controllo di suola,Finalizzazione Acrobatiche,Passaggio Filtrante,Cross Preciso,,,,,,73,Standard,5,7,9,7,6,7,8,6,7,7,7
146773,Diant Ramaj,Borussia Dortmund,Other (Europe),Germany,Europe,186,80,25,Destro,PT,72,40,49,43,42,54,59,40,44,49,48,50,45,47,59,69,66,67,73,70,57,55,69,66,67,54,56,2,3,Att:Base | Def:Defensive GK,PT,,PT,2,0,0,0,0,0,0,0,0,0,0,0,0,Traiettoria bassa PT,,,,,,,,,,72,Standard,5,7,9,7,6,7,8,6,7,7,7
120429,Peter Vindahl,Liguria B,Italian 2nd Division,Denmark,Europe,198,89,28,Destro,PT,72,40,51,47,45,55,58,40,43,48,42,47,46,50,58,68,64,63,70,67,54,52,67,66,72,49,54,2,2,Att:Base | Def:Attacking GK,PT,,PT,2,0,0,0,0,0,0,0,0,0,0,0,0,Traiettoria bassa PT,,,,,,,,,,72,Standard,5,7,9,7,6,6,6,7,7,6,7
119929,Pablo Sabbag,Cerezo Osaka,2026/27 MEIJI YASUDA J1 LEAGUE,Syria,Asia-Oceania,190,88,29,Sinistro,P,72,73,67,61,65,63,58,69,72,62,64,43,42,49,47,40,40,40,40,40,64,59,71,69,74,60,66,2,2,Att:Fulcro Di Gioco | Def:Base,P,,P,0,0,0,0,0,0,0,0,0,0,0,0,2,Pallonetto mirato,Finalizzazione Acrobatiche,Tiro di Prima,Passaggio di Prima,No-look,Specialista dei rigori,Super Riserva,,,,72,Standard,5,7,9,7,6,7,8,6,7,7,7
186108,Mika Baur,Celtic FC,Scottish Premiership,Germany,Europe,172,62,22,Destro,CC,71,61,71,69,66,72,70,60,53,67,66,63,63,68,60,40,40,40,40,40,63,69,70,60,54,77,73,3,3,Att:Giocatore chiave | Def:Base,CC,,CC,0,0,0,0,0,2,0,0,0,0,0,0,0,Tiri a scendere,Long Range Shooting,Tiro di Prima,Passaggio di Prima,Passaggio Filtrante,Cross Preciso,Specialista dei rigori,Leadership,,,71,Standard,5,7,9,7,6,7,8,6,7,7,7
186055,Tamar Svetlin,AS Saint-Etienne,Ligue 2 BKT,Slovenia,Europe,177,69,25,Destro,CC,70,59,71,64,67,74,68,51,53,58,61,66,62,60,68,40,40,40,40,40,66,65,68,55,60,59,74,2,3,Att:Tra le linee | Def:Base,CC,,CC,0,0,0,0,0,2,0,0,0,0,0,0,0,Doppio Passo e Giro,Long Range Shooting,Passaggio di Prima,Passaggio Filtrante,Intercettazione,,,,,,70,Standard,5,7,9,7,6,7,8,6,7,7,7
173999,Fabio Balde,RC Strasbourg Alsace,Ligue 1 McDonald's,Portugal,Europe,182,75,21,Destro,ESA,70,62,66,70,60,55,59,61,50,55,64,45,48,54,50,40,40,40,40,40,81,78,66,61,60,68,66,3,3,Att:Ala Prolifica | Def:Base,ESA,,ESA,0,0,0,0,0,0,0,0,0,2,0,0,0,Finta doppio passo,Controllo di suola,Cross Preciso,,,,,,,,70,Standard,5,7,9,8,6,6,8,7,7,6,11
155519,Gokhan Gul,Amed SFK,Trendyol Super Lig,Germany,Europe,183,79,28,Destro,MED,70,56,62,58,59,65,66,55,68,53,57,64,68,72,70,40,40,40,40,40,63,65,67,71,71,66,76,2,2,Att:Collante | Def:Collante,MED,,MED,0,0,0,0,2,0,0,0,0,0,0,0,0,Rimessa lunga,Marcatura Stretta,Intercettazione,Muro Difensivo,Scivolata,Disimpegno acrobatico,Spirito Combattivo,,,,70,Standard,5,7,9,7,6,7,8,6,7,7,7
126418,Sam Walker,Watford BY,English 2nd Division,England,Europe,199,78,35,Destro,PT,70,40,45,40,41,49,50,40,40,43,43,46,40,49,58,67,69,65,69,63,42,46,63,60,66,46,52,2,2,Att:Base | Def:Defensive GK,PT,,PT,2,0,0,0,0,0,0,0,0,0,0,0,0,,,,,,,,,,,70,Standard,5,7,9,7,6,6,6,7,7,6,7
104673,Mohamed Fares,S.S. Lazio,Italian League,Algeria,Africa,183,72,30,Sinistro,CLS,70,63,67,69,61,62,67,60,65,58,60,56,60,67,61,40,40,40,40,40,75,71,68,58,64,65,70,1,1,Att:Specialista Di Cross | Def:Base,CLS,,CLS,0,0,0,0,0,0,2,0,0,0,0,0,0,Finta doppio passo,Tiro di collo,Tiri a scendere,Long Range Shooting,Rimessa lunga,,,,,,70,Standard,5,7,9,8,6,5,7,8,7,5,11
100514,Carlos Akapo,Johor Darul Ta'zim FC,Liga Super Malaysia,Equatorial Guinea,Africa,179,76,33,Destro,TD,70,55,62,60,60,58,65,50,54,53,60,60,63,71,65,40,40,40,40,40,80,73,67,77,65,59,72,2,2,Att:Terzino Difensivo | Def:Base,TD,,TD,0,0,0,2,0,0,0,0,0,0,0,0,0,Marcatura Stretta,Intercettazione,Superiorita Aerea,,,,,,,,70,Standard,5,7,9,7,6,7,7,6,7,7,7
61143,Nahuel Leiva,Johor Darul Ta'zim FC,Liga Super Malaysia,Spain,Europe,176,71,30,Destro,ESA,70,68,70,72,70,62,61,64,54,60,65,45,48,53,51,40,40,40,40,40,71,72,56,57,54,73,62,2,3,Att:Ala Prolifica | Def:Base,ESA,,ESA,0,0,0,0,0,0,0,0,0,2,0,0,0,Finta doppio passo,Rimbalzo interno,Furbizia,,,,,,,,70,Standard,5,7,9,8,6,6,7,7,7,6,11
186106,Nikolas Polster,N.E.C. Nijmegen,VriendenLoterij Eredivisie,Austria,Europe,189,82,24,Destro,PT,69,40,51,49,43,54,53,40,47,49,43,47,44,45,58,71,62,68,67,65,52,55,64,62,66,53,54,2,2,Att:Base | Def:Attacking GK,PT,,PT,2,0,0,0,0,0,0,0,0,0,0,0,0,Rimessa lunga PT,Para-rigori,,,,,,,,,69,Standard,5,7,9,7,6,7,8,6,7,7,7
186049,Bujar Pllana,Zurich BW,Swiss League,Albania,Europe,190,84,25,Destro,DC,69,49,60,54,55,58,60,49,69,46,56,67,70,71,70,40,40,40,40,40,62,60,67,58,71,53,70,2,2,Att:Frontale Extra | Def:Base,DC,,DC,0,2,0,0,0,0,0,0,0,0,0,0,0,Colpo di Testa,Intercettazione,Superiorita Aerea,,,,,,,,69,Standard,5,7,9,7,6,7,8,6,7,7,7
185191,Dastan Satpaev,Burnley RB,English 2nd Division,Kazakhstan,Europe,176,76,18,Destro,P,69,65,67,71,62,62,60,66,60,63,66,53,51,56,54,40,40,40,40,40,65,72,69,61,58,71,72,4,4,Att:Opportunista | Def:Base,P,,P,0,0,0,0,0,0,0,0,0,0,0,0,2,Doppio Passo e Giro,Controllo di suola,Tiro a Giro da Lontano,Long Range Shooting,Tiro di Prima,Specialista dei rigori,,,,,69,Standard,5,7,9,7,6,7,8,6,7,7,7
184725,Kennet Eichhorn,Bayer 04 Leverkusen,Other (Europe),Germany,Europe,186,82,17,Destro,MED,69,60,65,64,69,70,66,60,61,54,59,67,66,71,66,40,40,40,40,40,64,61,63,59,66,60,70,2,3,Att:Tra le linee | Def:Base,MED,,MED,0,0,0,0,2,0,0,0,0,0,0,0,0,Doppio tocco,Roulette,Passaggio Filtrante,,,,,,,,69,Standard,5,7,9,7,6,7,8,6,7,7,7
174935,Kaua Prates,Borussia Dortmund,Other (Europe),Brazil,South America,184,75,18,Sinistro,TS,69,56,66,63,61,65,64,53,57,52,63,65,67,69,66,40,40,40,40,40,72,69,65,62,63,66,68,2,2,Att:Terzino Difensivo | Def:Base,TS,,TS,0,0,2,0,0,0,0,0,0,0,0,0,0,Intercettazione,Scivolata,Spirito Combattivo,,,,,,,,69,Standard,5,7,9,7,6,7,8,6,7,7,7
167736,Joane Gadou,Borussia Dortmund,Other (Europe),France,Europe,195,82,19,Destro,DC,69,49,58,54,55,61,62,48,68,50,55,62,67,64,66,40,40,40,40,40,65,62,57,69,71,52,64,2,2,Att:Sviluppo | Def:Base,DC,,DC,0,2,0,0,0,0,0,0,0,0,0,0,0,Muro Difensivo,Superiorita Aerea,,,,,,,,,69,Standard,5,7,9,8,6,5,7,8,7,5,11
167245,Noel Aseko Nkili,Eintracht Frankfurt,Other (Europe),Germany,Europe,178,66,21,Destro,MED,69,60,69,68,70,69,66,53,57,54,61,64,67,69,66,40,40,40,40,40,65,68,61,63,60,71,74,2,2,Att:Tra le linee | Def:Base,MED,,MED,0,0,0,0,2,0,0,0,0,0,0,0,0,Controllo di suola,Passaggio di Prima,Passaggio Filtrante,Passaggio calibrato,,,,,,,69,Standard,5,7,9,8,6,6,8,7,7,6,11
147963,Josh Wilson-Esbrand,Manchester B,English League,England,Europe,176,65,24,Sinistro,TS,69,51,66,68,67,63,62,52,47,53,60,60,65,70,71,40,40,40,40,40,76,74,63,66,58,75,71,2,2,Att:Attacking Full-back | Def:Base,TS,,TS,0,0,2,0,0,0,0,0,0,0,0,0,0,Finta doppio passo,Passaggio di Prima,,,,,,,,,69,Standard,7,7,7,7,7,7,7,7,7,7,7
135578,Halls,Kyoto Sanga F.C.,2026/27 MEIJI YASUDA J1 LEAGUE,Brazil,South America,198,88,27,Destro,PT,69,40,47,42,45,51,58,40,47,46,45,47,44,48,58,62,64,60,65,69,50,45,66,67,72,50,49,2,2,Att:Base | Def:Attacking GK,PT,,PT,2,0,0,0,0,0,0,0,0,0,0,0,0,Traiettoria bassa PT,,,,,,,,,,69,Standard,5,7,9,8,6,6,7,7,7,6,11
126115,Jacob Christensen,Haderslev HB,Danish League,Denmark,Europe,180,70,25,Destro,MED,69,57,66,63,62,68,68,50,57,57,64,67,68,69,70,40,40,40,40,40,65,64,66,64,65,71,70,2,2,Att:Collante | Def:Collante,MED,,MED,0,0,0,0,2,0,0,0,0,0,0,0,0,Controllo di suola,Tiri a scendere,Passaggio di Prima,Passaggio Filtrante,Passaggio calibrato,Specialista dei rigori,Muro Difensivo,Leadership,,,69,Standard,5,7,9,7,6,7,7,6,7,7,7
123916,James Penrice,Rangers FC,Scottish Premiership,Scotland,Europe,177,73,28,Sinistro,TS,69,57,64,62,61,64,68,56,50,61,64,60,64,67,64,40,40,40,40,40,73,69,62,58,57,72,74,2,2,Att:Attacking Full-back | Def:Base,TS,,TS,0,0,2,0,0,0,0,0,0,0,0,0,0,Cross Preciso,Rimessa lunga,,,,,,,,,69,Standard,5,7,9,7,6,7,8,6,7,7,7
186105,Filip Thorvaldsen,FC Twente,VriendenLoterij Eredivisie,Norway,Europe,174,67,20,Destro,EDA,68,62,65,69,62,58,53,64,51,58,61,43,45,53,50,40,40,40,40,40,77,79,62,58,54,68,65,3,3,Att:Ala Prolifica | Def:Base,EDA,,EDA,0,0,0,0,0,0,0,0,0,0,2,0,0,Finta doppio passo,Svolta secca,Tiro a Giro da Lontano,,,,,,,,68,Standard,5,7,9,8,6,6,8,7,7,6,11
186018,Mark Csinger,FC Groningen,VriendenLoterij Eredivisie,Hungary,Europe,184,80,23,Destro,DC,68,52,60,53,55,69,62,48,68,51,60,66,64,61,67,40,40,40,40,40,64,60,61,69,70,54,67,2,2,Att:Sviluppo | Def:Base,DC,,DC,0,2,0,0,0,0,0,0,0,0,0,0,0,Colpo di Testa,Intercettazione,Muro Difensivo,Superiorita Aerea,,,,,,,68,Standard,5,7,9,7,6,7,8,6,7,7,7
185987,Leandro Rousseau,La Louviere GW,Belgian League,Belgium,Europe,185,78,23,Destro,P,68,67,62,61,58,53,45,70,66,59,55,41,46,58,45,40,40,40,40,40,67,68,65,61,65,59,67,2,3,Att:Opportunista | Def:Base,P,,P,0,0,0,0,0,0,0,0,0,0,0,0,2,Doppio tocco,Controllo di suola,Colpo di Testa,Long Range Shooting,Finalizzazione Acrobatiche,Tiro di Prima,,,,,68,Standard,5,7,9,7,6,7,8,6,7,7,7
184726,Aleksa Damjanovic,Bayer 04 Leverkusen,Other (Europe),Serbia,Europe,198,80,18,Sinistro,P,68,68,62,63,61,60,53,67,70,54,60,47,51,59,52,40,40,40,40,40,63,59,62,61,72,54,65,2,2,Att:Fulcro Di Gioco | Def:Base,P,,P,0,0,0,0,0,0,0,0,0,0,0,0,2,Colpo di Testa,Colpo di tacco,Specialista dei rigori,Superiorita Aerea,Leadership,,,,,,68,Standard,5,7,9,7,6,6,7,7,7,6,7
173210,Farid Alfa-Ruprecht,Bayer 04 Leverkusen,Other (Europe),Germany,Europe,181,77,20,Destro,EDA,68,62,66,69,64,63,64,62,50,54,59,50,48,58,53,40,40,40,40,40,74,72,61,60,57,69,67,2,2,Att:Ala Prolifica | Def:Base,EDA,,EDA,0,0,0,0,0,0,0,0,0,0,2,0,0,Svolta secca,Doppio Passo e Giro,,,,,,,,,68,Standard,5,7,9,8,6,5,7,8,7,5,11
161833,Ryan Fosso,Liege RW,Belgian League,Cameroon,Africa,183,75,24,Destro,CC,68,60,69,64,61,69,63,52,54,53,60,61,65,70,69,40,40,40,40,40,68,65,61,62,70,62,74,2,2,Att:Onnipresente | Def:Onnipresente,CC,,CC,0,0,0,0,0,2,0,0,0,0,0,0,0,Passaggio di Prima,Furbizia,Intercettazione,,,,,,,,68,Standard,5,7,9,8,6,6,8,7,7,6,11
146880,Mamady Diambou,Stade Brestois 29,Ligue 1 McDonald's,Mali,Africa,176,70,24,Destro,MED,68,55,66,61,64,69,61,50,55,52,59,62,67,72,73,40,40,40,40,40,67,72,66,67,62,72,77,2,2,Att:Collante | Def:Collante,MED,,MED,0,0,0,0,2,0,0,0,0,0,0,0,0,Doppio Passo e Giro,Finalizzazione Acrobatiche,Passaggio di Prima,Passaggio Filtrante,Scivolata,Disimpegno acrobatico,Spirito Combattivo,,,,68,Standard,5,7,9,8,6,6,8,7,7,6,11
186124,Abdoulie Manneh,Brugge GZ,Belgian League,The Gambia,Africa,168,64,22,Destro,ESA,67,64,62,67,61,55,50,61,59,52,56,43,46,61,49,40,40,40,40,40,77,80,60,65,55,72,66,2,3,Att:Ala Prolifica | Def:Base,ESA,,ESA,0,0,0,0,0,0,0,0,0,2,0,0,0,Tiro di Prima,Furbizia,,,,,,,,,67,Standard,5,7,9,8,6,6,8,7,7,6,11
186067,Rockson Yeboah,Pamplona RA,Spanish League,Ghana,Africa,189,76,22,Destro,DC,67,53,55,56,53,59,62,42,61,56,57,67,65,67,66,40,40,40,40,40,64,66,62,58,69,61,62,2,2,Att:Frontale Extra | Def:Base,DC,,DC,0,2,0,0,0,0,0,0,0,0,0,0,0,,,,,,,,,,,67,Standard,5,7,9,8,6,5,7,8,7,5,11
185700,Jan Burger,PEC Zwolle,VriendenLoterij Eredivisie,Germany,Europe,180,72,19,Destro,TD,67,59,63,65,60,58,60,49,51,60,59,59,64,71,67,40,40,40,40,40,73,69,60,58,62,60,71,2,3,Att:Attacking Full-back | Def:Base,TD,,TD,0,0,0,2,0,0,0,0,0,0,0,0,0,Intercettazione,Scivolata,Spirito Combattivo,,,,,,,,67,Standard,5,7,9,7,6,7,8,6,7,7,7
184751,Justin Lerma,Borussia Dortmund,Other (Europe),Ecuador,South America,176,62,18,Destro,TRQ,67,61,66,68,69,67,65,62,60,59,60,58,59,61,58,40,40,40,40,40,68,70,64,67,59,66,69,2,2,Att:Regista creativo | Def:Base,TRQ,,TRQ,0,0,0,0,0,0,0,0,2,0,0,0,0,Passaggio Filtrante,,,,,,,,,,67,Standard,5,7,9,8,6,5,7,8,7,5,11
184682,Karim Mammar,Gangwon O,Korean League,Sweden,Europe,180,79,30,Sinistro,DC,67,53,60,60,55,63,71,47,69,50,53,68,64,62,69,40,40,40,40,40,60,59,65,68,69,60,64,2,3,Att:Sviluppo | Def:Base,DC,,DC,0,2,0,0,0,0,0,0,0,0,0,0,0,Colpo di Testa,Tiri a scendere,Marcatura Stretta,Intercettazione,Superiorita Aerea,Scivolata,,,,,67,Standard,5,7,9,7,6,7,8,6,7,7,7
161890,Unai Hernandez,Girona R,Spanish 2nd Division,Spain,Europe,171,65,22,Destro,CC,67,59,69,67,71,71,67,61,50,60,67,59,56,60,60,40,40,40,40,40,70,69,62,58,52,69,68,3,3,Att:Tra le linee | Def:Base,CC,,CC,0,0,0,0,0,2,0,0,0,0,0,0,0,Doppio Passo e Giro,Controllo di suola,Passaggio di Prima,Passaggio Filtrante,Passaggio calibrato,Passaggio a scavalcare,,,,,67,Standard,5,7,9,7,6,7,8,6,7,7,7
159564,Ichem Ferrah,Pisa NA,Italian 2nd Division,France,Europe,171,66,21,Sinistro,EDA,67,62,69,70,67,60,59,62,49,58,64,45,46,48,53,40,40,40,40,40,70,73,62,58,50,71,65,1,2,Att:Taglio Al centro | Def:Base,EDA,,EDA,0,0,0,0,0,0,0,0,0,0,2,0,0,Doppio tocco,Doppio Passo e Giro,Rimbalzo interno,Controllo di suola,Tiro a Giro da Lontano,Furbizia,,,,,67,Standard,5,7,9,7,6,7,8,6,7,7,7
159244,Markel Arana,Eibar AR,Spanish 2nd Division,Spain,Europe,180,78,25,Destro,DC,67,48,58,55,53,59,60,46,64,50,54,68,70,68,67,40,40,40,40,40,65,64,60,60,66,57,60,2,2,Att:Frontale Extra | Def:Base,DC,,DC,0,2,0,0,0,0,0,0,0,0,0,0,0,,,,,,,,,,,67,Standard,7,7,7,7,7,7,7,7,7,7,7
157985,Robbie Ure,Sevilla Nervion BR,Spanish League,Scotland,Europe,180,70,22,Destro,P,67,69,62,60,54,57,50,65,65,52,46,40,43,50,55,40,40,40,40,40,69,70,69,65,65,66,65,2,2,Att:Senza Palla | Def:Base,P,,P,0,0,0,0,0,0,0,0,0,0,0,0,2,,,,,,,,,,,67,Standard,5,7,9,7,6,7,8,6,7,7,7
151966,Johaneko Louis-Jean,Bilbao BR,Spanish League,France,Europe,175,68,22,Destro,TD,67,53,62,61,60,61,65,47,54,51,58,60,61,64,59,40,40,40,40,40,73,74,63,60,64,66,70,2,3,Att:Attacking Full-back | Def:Base,TD,,TD,0,0,0,2,0,0,0,0,0,0,0,0,0,Furbizia,Disimpegno acrobatico,,,,,,,,,67,Standard,5,7,9,8,6,6,8,7,7,6,11
144847,Carljohan Eriksson,Nordsjælland RG,Danish League,Finland,Europe,191,88,31,Destro,PT,67,40,43,40,41,46,48,40,43,43,40,45,43,46,58,64,67,64,66,64,46,44,70,61,68,49,45,2,2,Att:Base | Def:Defensive GK,PT,,PT,2,0,0,0,0,0,0,0,0,0,0,0,0,Rimessa profonda PT,Rimessa lunga PT,,,,,,,,,67,Standard,5,7,9,7,6,7,8,6,7,7,7
137099,Kevin Medina,Johor Darul Ta'zim FC,Liga Super Malaysia,Colombia,South America,185,75,33,Sinistro,DC,67,54,57,55,53,61,61,48,65,55,56,70,66,70,65,40,40,40,40,40,58,60,61,63,67,58,57,2,2,Att:Base | Def:Incontrista,DC,,DC,0,2,0,0,0,0,0,0,0,0,0,0,0,Colpo di Testa,Marcatura Stretta,,,,,,,,,67,Standard,5,7,9,8,6,6,8,7,7,6,11
133696,Ayman Azhil,Borussia Dortmund,Other (Europe),Morocco,Africa,175,66,25,Destro,MED,67,60,69,66,70,71,68,54,55,62,65,66,65,67,65,40,40,40,40,40,65,68,61,55,56,71,70,2,3,Att:Tra le linee | Def:Base,MED,,MED,0,0,0,0,2,0,0,0,0,0,0,0,0,Doppio tocco,Doppio Passo e Giro,Controllo di suola,Tiri a scendere,Colpo di tacco,Passaggio di Prima,Passaggio Filtrante,,,,67,Standard,5,7,9,7,6,7,7,6,7,7,7
186134,Evan Watts,Swansea W,English 2nd Division,Wales,Europe,191,77,22,Destro,PT,66,40,43,40,40,43,45,40,40,43,43,40,40,45,58,65,62,62,67,68,50,48,64,60,65,54,48,2,2,Att:Base | Def:Defensive GK,PT,,PT,2,0,0,0,0,0,0,0,0,0,0,0,0,Traiettoria bassa PT,,,,,,,,,,66,Standard,5,7,9,7,6,6,7,7,7,6,7
186084,Jean-Pierre Mboyo,Mantova BR,Italian 2nd Division,Belgium,Europe,183,79,24,Sinistro,MED,66,59,65,64,60,64,65,59,60,57,63,60,59,67,62,40,40,40,40,40,68,65,63,66,68,65,72,2,2,Att:Tra le linee | Def:Base,MED,,MED,0,0,0,0,2,0,0,0,0,0,0,0,0,Spirito Combattivo,,,,,,,,,,66,Standard,5,7,9,8,6,6,8,7,7,6,11
186050,Alex. Ahl-Holmstrom,Odense HB,Danish League,Sweden,Europe,191,80,27,Destro,P,66,65,62,59,56,55,48,65,66,48,52,50,46,60,54,40,40,40,40,40,70,61,67,71,76,50,62,2,2,Att:Attaccante Di Rientro | Def:Base,P,,P,0,0,0,0,0,0,0,0,0,0,0,0,2,,,,,,,,,,,66,Standard,5,7,9,7,6,6,7,7,7,6,7
186034,Jesus Diaz,Cucuta RN,Colombian League,Colombia,South America,183,74,27,Destro,ESA,66,66,68,69,63,66,68,61,55,62,62,54,54,59,56,40,40,40,40,40,66,63,60,58,60,61,63,2,2,Att:Taglio Al centro | Def:Base,ESA,,ESA,0,0,0,0,0,0,0,0,0,2,0,0,0,Svolta secca,,,,,,,,,,66,Standard,5,7,9,7,6,7,8,6,7,7,7
185989,Alexander Machado,Banfield VB,Argentine League,Uruguay,South America,181,80,24,Sinistro,P,66,68,62,64,58,60,54,69,60,59,58,52,44,48,55,40,40,40,40,40,67,64,63,63,60,59,60,2,2,Att:Senza Palla | Def:Base,P,,P,0,0,0,0,0,0,0,0,0,0,0,0,2,Tiro di Prima,,,,,,,,,,66,Standard,5,7,9,8,6,6,8,7,7,6,11
185550,Kacper Sezonienko,Verona GB,Italian 2nd Division,Poland,Europe,190,80,23,Sinistro,P,66,66,62,60,60,59,57,64,68,56,54,51,50,51,58,40,40,40,40,40,63,66,68,63,65,58,63,2,2,Att:Fulcro Di Gioco | Def:Base,P,,P,0,0,0,0,0,0,0,0,0,0,0,0,2,Finalizzazione Acrobatiche,Tiro di Prima,,,,,,,,,66,Standard,5,7,9,7,6,7,8,6,7,7,7
184610,Leorat Bega,Verona GB,Italian 2nd Division,Switzerland,Europe,194,87,23,Sinistro,CC,66,60,64,60,60,65,63,61,60,54,60,62,60,65,61,40,40,40,40,40,63,60,72,61,65,59,72,3,3,Att:Onnipresente | Def:Onnipresente,CC,,CC,0,0,0,0,0,2,0,0,0,0,0,0,0,Long Range Shooting,,,,,,,,,,66,Standard,5,7,9,7,6,7,8,6,7,7,7
184606,Kornel Lisman,Venezia ANV,Italian League,Poland,Europe,186,74,20,Destro,ESA,66,60,66,69,60,62,66,60,53,56,62,51,54,59,55,40,40,40,40,40,70,68,59,57,57,60,64,3,3,Att:Ala Prolifica | Def:Base,ESA,,ESA,0,0,0,0,0,0,0,0,0,2,0,0,0,,,,,,,,,,,66,Standard,5,7,9,7,6,6,7,7,7,6,7
184184,Ibrahim Gomis,Olympique de Marseille,Ligue 1 McDonald's,Morocco,Africa,200,80,21,Destro,PT,66,40,45,41,43,52,54,40,46,51,42,49,47,44,58,60,61,60,64,69,50,53,60,62,64,53,52,2,2,Att:Base | Def:Defensive GK,PT,,PT,2,0,0,0,0,0,0,0,0,0,0,0,0,Rimessa profonda PT,Rimessa lunga PT,,,,,,,,,66,Standard,5,7,9,8,6,5,7,8,7,5,11
179730,Nikoloz Chikovani,Watford BY,English 2nd Division,Georgia,Europe,188,79,19,Destro,ESA,66,62,70,65,65,66,63,60,51,55,60,50,48,55,53,40,40,40,40,40,71,65,64,55,64,58,67,2,2,Att:Ala Prolifica | Def:Base,ESA,,ESA,0,0,0,0,0,0,0,0,0,2,0,0,0,,,,,,,,,,,66,Standard,5,7,9,7,6,7,8,6,7,7,7
174113,Christopher Olivier,Brøndby GB,Danish League,Austria,Europe,187,81,20,Destro,TD,66,59,63,61,59,61,62,56,57,57,61,58,59,59,60,40,40,40,40,40,71,68,60,62,66,63,70,2,2,Att:Base | Def:Defensive GK,TD,,TD,0,0,0,2,0,0,0,0,0,0,0,0,0,,,,,,,,,,,66,Standard,5,7,9,7,6,7,8,6,7,7,7
173052,Damola Ajayi,Tottenham WB,English League,England,Europe,173,68,21,Sinistro,EDA,66,65,64,67,62,63,65,62,50,60,62,50,51,53,53,40,40,40,40,40,67,70,63,55,56,67,71,2,2,Att:Ala Prolifica | Def:Base,EDA,,EDA,0,0,0,0,0,0,0,0,0,0,2,0,0,Tiri a scendere,,,,,,,,,,66,Standard,5,7,9,8,6,6,8,7,7,6,11
169704,Tyrese Hall,Tottenham WB,English League,Jamaica,North & Central America,169,66,21,Destro,CC,66,56,65,62,65,69,64,60,49,60,60,60,62,64,64,40,40,40,40,40,63,67,62,56,56,67,73,2,2,Att:Onnipresente | Def:Onnipresente,CC,,CC,0,0,0,0,0,2,0,0,0,0,0,0,0,,,,,,,,,,,66,Standard,5,7,9,8,6,6,8,7,7,6,11
168110,Teddy Curd,Chelsea B,English League,England,Europe,183,71,20,Destro,PT,66,40,43,40,40,43,45,40,40,43,45,40,40,43,58,66,63,66,70,69,48,52,61,61,62,58,49,2,2,Att:Base | Def:Defensive GK,PT,,PT,2,0,0,0,0,0,0,0,0,0,0,0,0,,,,,,,,,,,66,Standard,5,7,9,7,6,6,7,7,7,6,7
168089,Leo Jaco,CD Santa Clara,Liga Portugal Betclic,Brazil,South America,181,73,21,Sinistro,P,66,67,66,61,61,56,55,65,64,53,60,48,51,61,50,40,40,40,40,40,64,67,64,60,60,65,71,2,2,Att:Opportunista | Def:Base,P,,P,0,0,0,0,0,0,0,0,0,0,0,0,2,Tiro di Prima,,,,,,,,,,66,Standard,5,7,9,8,6,6,8,7,7,6,11
159085,Park Su-Bin,Jeju O,Korean League,Korea Republic,Asia-Oceania,181,74,27,Sinistro,CC,66,66,67,65,61,69,65,60,53,63,63,56,55,59,56,40,40,40,40,40,66,64,60,58,60,60,72,2,2,Att:Onnipresente | Def:Onnipresente,CC,,CC,0,0,0,0,0,2,0,0,0,0,0,0,0,Passaggio di Prima,,,,,,,,,,66,Standard,5,7,9,7,6,7,8,6,7,7,7
130001,Lucas Felippe,Entella BA,Italian 2nd Division,Brazil,South America,178,72,26,Sinistro,MED,66,60,69,66,67,70,68,61,55,64,64,59,63,66,63,40,40,40,40,40,63,66,70,60,62,69,67,2,2,Att:Tra le linee | Def:Base,MED,,MED,0,0,0,0,2,0,0,0,0,0,0,0,0,Controllo di suola,Passaggio Filtrante,,,,,,,,,66,Standard,5,7,9,7,6,7,7,6,7,7,7
186117,Simone Lontani,Parma Calcio 1913,Italian League,Italy,Europe,181,78,18,Destro,P,65,67,61,62,60,56,58,67,64,58,62,47,43,52,56,40,40,40,40,40,62,66,63,59,58,62,59,3,3,Att:Opportunista | Def:Base,P,,P,0,0,0,0,0,0,0,0,0,0,0,0,2,Colpo di Testa,Tiro di Prima,,,,,,,,,65,Standard,5,7,9,7,6,7,8,6,7,7,7
186116,Aymen Zouin,Parma Calcio 1913,Italian League,Morocco,Africa,185,72,20,Destro,ESA,65,61,69,70,64,66,63,59,52,58,60,48,46,47,50,40,40,40,40,40,64,68,62,55,58,61,61,3,3,Att:Regista creativo | Def:Base,ESA,,ESA,0,0,0,0,0,0,0,0,0,2,0,0,0,Finta doppio passo,Controllo di suola,Furbizia,,,,,,,,65,Standard,5,7,9,7,6,6,7,7,7,6,7
186011,Elohim Kabore,Beveren GB,Belgian League,Burkina Faso,Africa,180,72,20,Destro,P,65,61,58,60,52,53,44,62,65,53,55,44,42,52,51,40,40,40,40,40,77,74,64,68,65,68,61,2,2,Att:Opportunista | Def:Base,P,,P,0,0,0,0,0,0,0,0,0,0,0,0,2,Pallonetto mirato,Tiro di Prima,,,,,,,,,65,Standard,5,7,9,8,6,6,8,7,7,6,11
185985,Alberto Campo,Avellaneda AB,Argentine League,Ecuador,South America,175,72,20,Destro,ESA,65,66,67,68,61,63,59,65,57,59,60,52,48,50,53,40,40,40,40,40,68,64,60,61,58,59,60,2,2,Att:Ala Prolifica | Def:Base,ESA,,ESA,0,0,0,0,0,0,0,0,0,2,0,0,0,Sombrero,Doppio Passo e Giro,,,,,,,,,65,Standard,5,7,9,8,6,6,8,7,7,6,11
184838,Jan-Luca Riedl,Borussia Dortmund,Other (Europe),Germany,Europe,183,71,17,Destro,DC,65,43,60,57,56,61,62,45,66,51,54,63,67,65,66,40,40,40,40,40,64,61,55,66,64,60,61,2,2,Att:Sviluppo | Def:Base,DC,,DC,0,2,0,0,0,0,0,0,0,0,0,0,0,Intercettazione,Scivolata,,,,,,,,,65,Standard,5,7,9,7,6,6,7,7,7,6,7
177737,Mucahit Ibrahimoglu,TUMOSAN Konyaspor,Trendyol Super Lig,Austria,Europe,173,70,21,Destro,MED,65,56,67,64,69,68,69,54,52,59,60,58,64,67,60,40,40,40,40,40,60,67,61,60,60,68,73,2,2,Att:Tra le linee | Def:Base,MED,,MED,0,0,0,0,2,0,0,0,0,0,0,0,0,Controllo di suola,Tiri a scendere,Passaggio di Prima,Passaggio Filtrante,Intercettazione,Spirito Combattivo,,,,,65,Standard,5,7,9,7,6,7,8,6,7,7,7
174572,Carlos Lumbreras,Eibar AR,Spanish 2nd Division,Spain,Europe,180,72,21,Destro,P,65,64,63,64,63,58,56,63,61,58,55,48,50,55,54,40,40,40,40,40,67,70,64,62,60,62,66,3,2,Att:Opportunista | Def:Base,P,,P,0,0,0,0,0,0,0,0,0,0,0,0,2,Finalizzazione Acrobatiche,,,,,,,,,,65,Standard,5,7,9,7,6,7,8,6,7,7,7
172236,Alexi Koum,Olympique de Marseille,Ligue 1 McDonald's,Cameroon,Africa,180,73,20,Sinistro,TS,65,57,61,66,54,58,60,48,53,52,67,57,60,55,60,40,40,40,40,40,76,72,60,62,59,61,67,1,2,Att:Attacking Full-back | Def:Base,TS,,TS,0,0,2,0,0,0,0,0,0,0,0,0,0,Cross Preciso,Intercettazione,Scivolata,Disimpegno acrobatico,Spirito Combattivo,,,,,,65,Standard,5,7,9,8,6,6,8,7,7,6,11
171986,Khadim Ngom,PSV,VriendenLoterij Eredivisie,Netherlands,Europe,180,74,21,Destro,PT,65,40,49,50,43,52,54,40,46,51,42,45,47,44,58,64,67,60,68,59,56,55,61,71,58,54,53,2,2,Att:Base | Def:Attacking GK,PT,,PT,2,0,0,0,0,0,0,0,0,0,0,0,0,Traiettoria bassa PT,,,,,,,,,,65,Standard,5,7,9,8,6,6,8,7,7,6,11
171941,Freddie Anderson,Stoke RW,English 2nd Division,England,Europe,187,71,20,Destro,DC,65,51,56,50,54,55,59,43,60,49,54,62,64,67,70,40,40,40,40,40,62,58,64,68,70,58,65,2,2,Att:Sviluppo | Def:Base,DC,,DC,0,2,0,0,0,0,0,0,0,0,0,0,0,,,,,,,,,,,65,Standard,5,7,9,8,6,6,8,7,7,6,11
167185,Ibrahima Sow,Sevilla Nervion BR,Spanish League,Senegal,Africa,178,75,19,Destro,P,65,64,60,64,56,56,54,61,60,58,54,46,43,50,52,40,40,40,40,40,72,74,67,64,66,60,71,2,2,Att:Opportunista | Def:Base,P,,P,0,0,0,0,0,0,0,0,0,0,0,0,2,,,,,,,,,,,65,Standard,5,7,9,8,6,6,8,7,7,6,11
164693,Justin Bengui,Olympique Lyonnais,Ligue 1 McDonald's,France,Europe,190,77,21,Destro,PT,65,40,43,40,41,50,52,40,40,41,45,42,40,43,58,60,62,61,66,67,53,51,62,65,67,53,49,3,2,Att:Base | Def:Defensive GK,PT,,PT,2,0,0,0,0,0,0,0,0,0,0,0,0,Rimessa profonda PT,Rimessa lunga PT,,,,,,,,,65,Standard,5,7,9,8,6,5,7,8,7,5,11
161718,Umut Erdem,Caykur Rizespor,Trendyol Super Lig,Turkiye,Europe,182,72,22,Sinistro,TS,65,57,61,60,57,61,63,45,62,59,60,64,62,63,63,40,40,40,40,40,66,65,63,61,65,62,68,2,2,Att:Attacking Full-back | Def:Base,TS,,TS,0,0,2,0,0,0,0,0,0,0,0,0,0,,,,,,,,,,,65,Standard,5,7,9,7,6,7,8,6,7,7,7
160951,Fernando Nava,CD Nacional,Liga Portugal Betclic,Bolivia,South America,184,78,22,Destro,ESA,65,65,66,67,60,62,57,68,59,58,58,53,43,47,55,40,40,40,40,40,66,67,61,62,60,59,59,2,2,Att:Ala Prolifica | Def:Base,ESA,,ESA,0,0,0,0,0,0,0,0,0,2,0,0,0,,,,,,,,,,,65,Standard,5,7,9,8,6,6,8,7,7,6,11
186139,Julian Nunez,Alberdi A,Argentine League,Argentina,South America,175,72,19,Destro,EDA,64,66,64,68,60,63,61,65,57,59,61,51,46,50,53,40,40,40,40,40,67,65,60,61,58,58,60,2,2,Att:Ala Prolifica | Def:Base,EDA,,EDA,0,0,0,0,0,0,0,0,0,0,2,0,0,Roulette,Svolta secca,,,,,,,,,64,Standard,5,7,9,7,6,7,8,6,7,7,7
186136,Faveurdi Bongeli,Luzern BW,Swiss League,Congo DR,Africa,171,67,19,Destro,ESA,64,60,62,62,58,63,62,57,46,54,58,48,48,49,49,40,40,40,40,40,72,75,62,55,53,69,64,2,2,Att:Ala Prolifica | Def:Base,ESA,,ESA,0,0,0,0,0,0,0,0,0,2,0,0,0,,,,,,,,,,,64,Standard,5,7,9,8,6,6,8,7,7,6,11
186135,Alexander Veselov,ADO Den Haag,VriendenLoterij Eredivisie,Netherlands,Europe,175,70,16,Destro,CC,64,59,68,64,67,71,67,58,49,61,64,59,54,50,54,40,40,40,40,40,60,61,64,54,55,60,64,3,3,Att:Tra le linee | Def:Base,CC,,CC,0,0,0,0,0,2,0,0,0,0,0,0,0,Doppio tocco,Passaggio di Prima,Passaggio Filtrante,Furbizia,Spirito Combattivo,,,,,,64,Standard,5,7,9,7,6,7,8,6,7,7,7
186118,Marco Libra,Bologna RB,Italian League,Venezuela,South America,182,72,18,Destro,CC,64,59,69,67,68,66,63,58,56,55,59,53,63,60,57,40,40,40,40,40,64,62,60,57,60,58,63,3,3,Att:Onnipresente | Def:Onnipresente,CC,,CC,0,0,0,0,0,2,0,0,0,0,0,0,0,Doppio tocco,Doppio Passo e Giro,Controllo di suola,,,,,,,,64,Standard,5,7,9,7,6,7,8,6,7,7,7
186110,Emiliano Filippis,Empoli A,Italian 2nd Division,Italy,Europe,194,78,22,Destro,PT,64,40,50,43,41,52,55,40,43,42,42,45,46,50,58,61,58,60,65,63,51,50,68,60,65,48,52,2,2,Att:Base | Def:Attacking GK,PT,,PT,2,0,0,0,0,0,0,0,0,0,0,0,0,,,,,,,,,,,64,Standard,5,7,9,7,6,7,8,6,7,7,7
186097,Ben Cisse,West Bromwich WB,English 2nd Division,England,Europe,192,70,21,Sinistro,PT,64,40,40,40,40,46,48,40,40,40,43,40,40,45,58,63,60,60,64,65,50,48,65,58,66,53,46,2,2,Att:Base | Def:Defensive GK,PT,,PT,2,0,0,0,0,0,0,0,0,0,0,0,0,,,,,,,,,,,64,Standard,5,7,9,8,6,5,7,8,7,5,11
186095,Eduardo Ferreira,FC Porto,Liga Portugal Betclic,Portugal,Europe,185,75,18,Destro,P,64,65,62,62,58,58,54,64,60,54,60,48,49,52,50,40,40,40,40,40,62,65,64,60,58,63,65,3,3,Att:Opportunista | Def:Base,P,,P,0,0,0,0,0,0,0,0,0,0,0,0,2,Tiro di Prima,,,,,,,,,,64,Standard,5,7,9,7,6,7,8,6,7,7,7
186094,Timeo Raffourt,RC Strasbourg Alsace,Ligue 1 McDonald's,France,Europe,185,88,18,Destro,PT,64,40,47,51,43,55,57,40,46,51,42,59,47,44,58,62,61,63,68,60,54,53,61,62,64,54,52,2,2,Att:Base | Def:Defensive GK,PT,,PT,2,0,0,0,0,0,0,0,0,0,0,0,0,Rimessa profonda PT,,,,,,,,,,64,Standard,5,8,9,8,7,7,9,6,8,7,7
186093,Hermann Diandaga,RC Strasbourg Alsace,Ligue 1 McDonald's,France,Europe,189,78,18,Destro,DC,64,54,59,54,52,59,58,48,65,50,55,62,60,58,61,40,40,40,40,40,66,58,59,70,68,55,61,2,2,Att:Frontale Extra | Def:Base,DC,,DC,0,2,0,0,0,0,0,0,0,0,0,0,0,Colpo di Testa,Muro Difensivo,Superiorita Aerea,,,,,,,,64,Standard,5,7,9,8,6,5,7,8,7,5,11
186091,Alassane Sy,FC Metz,Ligue 2 BKT,Senegal,Africa,175,65,21,Destro,MED,64,55,64,59,62,64,60,48,60,51,55,64,66,62,74,40,40,40,40,40,61,67,55,65,55,72,73,2,2,Att:Collante | Def:Collante,MED,,MED,0,0,0,0,2,0,0,0,0,0,0,0,0,Intercettazione,Scivolata,Spirito Combattivo,,,,,,,,64,Standard,5,7,9,8,6,6,8,7,7,6,11
186090,Abdourahmane Mbodj,FC Metz,Ligue 2 BKT,Senegal,Africa,177,72,18,Destro,P,64,64,60,58,57,52,43,62,59,53,52,40,41,57,45,40,40,40,40,40,73,72,64,65,67,65,61,2,2,Att:Rapace D'Area | Def:Base,P,,P,0,0,0,0,0,0,0,0,0,0,0,0,2,Tiro di Prima,Super Riserva,,,,,,,,,64,Standard,5,7,9,8,6,6,8,7,7,6,11
186082,Alessandro D.Bitonto,Sassuolo NV,Italian League,Italy,Europe,190,78,21,Destro,DC,64,49,53,49,48,55,57,43,66,49,48,66,64,63,61,40,40,40,40,40,58,57,63,66,65,55,57,2,2,Att:Base | Def:Incontrista,DC,,DC,0,2,0,0,0,0,0,0,0,0,0,0,0,Superiorita Aerea,,,,,,,,,,64,Standard,5,7,9,8,6,6,8,7,7,6,11
186075,Lucas Pitt,Liverpool R,English League,England,Europe,182,65,20,Destro,TD,64,53,62,61,58,63,65,52,53,53,60,62,64,65,62,40,40,40,40,40,63,67,62,62,60,63,66,3,3,Att:Terzino Difensivo | Def:Base,TD,,TD,0,0,0,2,0,0,0,0,0,0,0,0,0,,,,,,,,,,,64,Standard,5,7,9,7,6,6,7,7,7,6,7
186072,Dai Balde,Rio Ave FC,Liga Portugal Betclic,Guinea-Bissau,Africa,183,79,20,Destro,MED,64,54,62,58,62,64,65,55,60,55,60,61,67,70,62,40,40,40,40,40,62,64,61,58,58,64,68,2,2,Att:Base | Def:Incontrista,MED,,MED,0,0,0,0,2,0,0,0,0,0,0,0,0,Leadership,,,,,,,,,,64,Standard,5,7,9,8,6,6,8,7,7,6,11
186061,Noe Tagne,Verona GB,Italian 2nd Division,France,Europe,193,78,18,Sinistro,DC,64,52,55,57,51,55,58,44,60,48,51,60,61,67,59,40,40,40,40,40,66,64,57,66,62,55,60,2,2,Att:Base | Def:Incontrista,DC,,DC,0,2,0,0,0,0,0,0,0,0,0,0,0,,,,,,,,,,,64,Standard,5,7,9,8,6,6,8,7,7,6,11
186052,Rok Vadjunec,Sudtirol BR,Italian 2nd Division,Slovenia,Europe,190,78,20,Destro,PT,64,40,49,45,44,51,55,40,46,41,42,46,47,49,58,63,60,60,63,60,50,48,65,64,66,47,52,2,2,Att:Base | Def:Defensive GK,PT,,PT,2,0,0,0,0,0,0,0,0,0,0,0,0,,,,,,,,,,,64,Standard,5,7,9,7,6,7,8,6,7,7,7
186048,Tristan Jost,Bern GS,Swiss League,Switzerland,Europe,182,73,20,Destro,CC,64,58,66,64,62,64,64,56,51,60,60,62,64,65,60,40,40,40,40,40,60,62,65,60,60,62,65,3,3,Att:Onnipresente | Def:Onnipresente,CC,,CC,0,0,0,0,0,2,0,0,0,0,0,0,0,Passaggio Filtrante,Leadership,,,,,,,,,64,Standard,7,7,7,7,7,7,7,7,7,7,7
186031,Manzur Okwaro,Stade de Reims,Ligue 2 BKT,Kenya,Africa,180,72,20,Sinistro,TS,64,54,59,60,54,61,58,47,61,53,62,59,62,64,68,40,40,40,40,40,71,68,58,68,62,61,69,1,2,Att:Terzino Difensivo | Def:Base,TS,,TS,0,0,2,0,0,0,0,0,0,0,0,0,0,Rimessa lunga,Intercettazione,Scivolata,,,,,,,,64,Standard,5,7,9,8,6,6,8,7,7,6,11
186014,Matteo Tassara,Entella BA,Italian 2nd Division,Peru,South America,188,72,17,Destro,PT,64,40,49,44,43,51,55,40,46,42,42,46,47,48,58,60,65,61,64,60,51,55,70,66,63,51,52,2,2,Att:Base | Def:Defensive GK,PT,,PT,2,0,0,0,0,0,0,0,0,0,0,0,0,Traiettoria bassa PT,Rimessa profonda PT,,,,,,,,,64,Standard,5,7,9,7,6,6,7,7,7,6,7
185999,Ricardo Bordon,S.S. Lazio,Italian League,Brazil,South America,185,75,20,Destro,DC,64,50,54,48,48,55,57,43,68,49,50,66,65,63,61,40,40,40,40,40,57,55,64,69,67,51,56,2,2,Att:Base | Def:Incontrista,DC,,DC,0,2,0,0,0,0,0,0,0,0,0,0,0,Colpo di Testa,Scivolata,,,,,,,,,64,Standard,5,7,9,7,6,7,8,6,7,7,7
185984,Ramiro Martino,Avellaneda R,Argentine League,Argentina,South America,175,72,20,Sinistro,TS,64,59,62,64,60,65,66,56,60,60,61,61,64,65,63,40,40,40,40,40,65,64,59,58,63,60,62,2,2,Att:Attacking Full-back | Def:Base,TS,,TS,0,0,2,0,0,0,0,0,0,0,0,0,0,,,,,,,,,,,64,Standard,5,7,9,7,6,7,8,6,7,7,7
185190,Olutayo Subuloye,Chelsea B,English League,England,Europe,186,78,19,Sinistro,DC,64,50,53,50,53,58,55,48,63,53,53,62,66,68,62,40,40,40,40,40,61,58,61,62,67,60,69,2,2,Att:Sviluppo | Def:Base,DC,,DC,0,2,0,0,0,0,0,0,0,0,0,0,0,Leadership,,,,,,,,,,64,Standard,5,7,9,8,6,6,8,7,7,6,11
184534,Tobias Goytia,CA River Plate,Argentine League,Argentina,South America,171,72,17,Destro,EDA,64,65,67,69,63,60,57,64,58,57,59,49,45,46,52,40,40,40,40,40,66,65,60,61,58,61,58,2,2,Att:Ala Prolifica | Def:Base,EDA,,EDA,0,0,0,0,0,0,0,0,0,0,2,0,0,Elastico,Svolta secca,,,,,,,,,64,Standard,5,8,9,8,7,7,9,6,8,7,7
183545,Felipe Esquivel,CA River Plate,Argentine League,Argentina,South America,175,72,18,Destro,EDA,64,64,66,70,62,65,61,64,57,57,61,52,44,48,53,40,40,40,40,40,66,64,60,57,58,61,59,2,2,Att:Regista creativo | Def:Base,EDA,,EDA,0,0,0,0,0,0,0,0,0,0,2,0,0,Elastico,Sombrero,Svolta secca,Rabona,,,,,,,64,Standard,5,7,9,7,6,7,8,6,7,7,7
176376,Edoardo Torrielli,Entella BA,Italian 2nd Division,Italy,Europe,180,78,20,Destro,PT,64,40,49,46,43,53,55,40,46,43,42,45,47,52,58,63,60,61,63,67,57,54,64,67,62,53,53,2,2,Att:Base | Def:Attacking GK,PT,,PT,2,0,0,0,0,0,0,0,0,0,0,0,0,,,,,,,,,,,64,Standard,5,7,9,7,6,7,8,6,7,7,7
173127,Leonardo Di Tommaso,S.S. Lazio,Italian League,Italy,Europe,187,76,21,Sinistro,CC,64,60,64,60,60,65,64,60,58,56,61,58,60,63,61,40,40,40,40,40,65,64,64,62,64,58,67,3,3,Att:Onnipresente | Def:Onnipresente,CC,,CC,0,0,0,0,0,2,0,0,0,0,0,0,0,Furbizia,Intercettazione,,,,,,,,,64,Standard,5,7,9,7,6,6,7,7,7,6,7
173080,Irian Ribas,Burgos NB,Spanish 2nd Division,Spain,Europe,180,78,21,Destro,P,64,64,61,60,58,56,55,64,63,58,55,46,46,50,54,40,40,40,40,40,66,63,65,63,64,60,58,2,2,Att:Opportunista | Def:Base,P,,P,0,0,0,0,0,0,0,0,0,0,0,0,2,,,,,,,,,,,64,Standard,5,7,9,7,6,7,8,6,7,7,7
170220,Alex Lopez,Cordoba VB,Spanish 2nd Division,Spain,Europe,180,78,21,Sinistro,TS,64,55,60,60,57,60,61,49,51,58,56,60,61,60,63,40,40,40,40,40,68,69,61,61,60,61,71,2,2,Att:Attacking Full-back | Def:Base,TS,,TS,0,0,2,0,0,0,0,0,0,0,0,0,0,,,,,,,,,,,64,Standard,5,7,9,8,6,6,8,7,7,6,11
168950,Nilzo Ramirez,Bucaramanga AV,Colombian League,Colombia,South America,174,72,21,Destro,TRQ,64,60,68,65,66,66,63,60,57,54,58,48,52,57,56,40,40,40,40,40,67,69,62,64,59,68,62,2,2,Att:Regista creativo | Def:Base,TRQ,,TRQ,0,0,0,0,0,0,0,0,2,0,0,0,0,,,,,,,,,,,64,Standard,5,7,9,8,6,6,8,7,7,6,11
186132,Mohamed Khalil,Amed SFK,Trendyol Super Lig,Syria,Asia-Oceania,174,72,26,Destro,ESA,63,62,64,66,65,61,62,60,49,60,63,48,48,60,51,40,40,40,40,40,64,67,61,55,58,64,58,2,2,Att:Regista creativo | Def:Base,ESA,,ESA,0,0,0,0,0,0,0,0,0,2,0,0,0,,,,,,,,,,,63,Standard,5,7,9,7,6,7,8,6,7,7,7
186121,Illia Voloshyn,Madrid Chamartin B,Spanish League,Ukraine,Europe,202,78,19,Sinistro,PT,63,40,53,55,43,53,55,40,46,51,42,59,47,44,58,60,61,58,60,60,54,53,60,59,58,57,52,2,2,Att:Base | Def:Defensive GK,PT,,PT,2,0,0,0,0,0,0,0,0,0,0,0,0,,,,,,,,,,,63,Standard,5,7,9,7,6,6,7,7,7,6,7
186111,Salvatore Monaco,Empoli A,Italian 2nd Division,Italy,Europe,180,78,19,Destro,P,63,64,61,62,58,56,54,64,60,54,52,46,42,51,50,40,40,40,40,40,64,66,64,61,58,64,59,2,2,Att:Opportunista | Def:Base,P,,P,0,0,0,0,0,0,0,0,0,0,0,0,2,,,,,,,,,,,63,Standard,5,7,9,7,6,7,8,6,7,7,7
186100,Reiss Elliot-Parris,Tottenham WB,English League,Guyana,North & Central America,188,72,19,Destro,P,63,62,62,60,62,55,53,63,51,53,56,49,49,52,49,40,40,40,40,40,62,67,61,62,65,60,67,2,2,Att:Opportunista | Def:Base,P,,P,0,0,0,0,0,0,0,0,0,0,0,0,2,Specialista dei rigori,,,,,,,,,,63,Standard,5,7,9,8,6,5,7,8,7,5,11
186098,Harvey Foster,Everton B,English League,England,Europe,180,78,19,Destro,MED,63,54,64,60,64,66,66,58,49,62,60,60,65,67,62,40,40,40,40,40,60,63,62,58,64,58,64,2,2,Att:Tra le linee | Def:Base,MED,,MED,0,0,0,0,2,0,0,0,0,0,0,0,0,Intercettazione,,,,,,,,,,63,Standard,5,7,9,7,6,7,8,6,7,7,7
186092,Vincent Gomis,FC Metz,Ligue 2 BKT,Senegal,Africa,180,75,18,Destro,PT,63,40,47,49,43,54,55,40,46,51,42,46,43,44,58,64,61,58,70,58,54,58,62,72,58,59,53,2,2,Att:Base | Def:Attacking GK,PT,,PT,2,0,0,0,0,0,0,0,0,0,0,0,0,Traiettoria bassa PT,,,,,,,,,,63,Standard,5,7,9,8,6,6,8,7,7,6,11
186088,Mohamed Baradji,Olympique de Marseille,Ligue 1 McDonald's,France,Europe,188,78,18,Destro,DC,63,50,59,50,53,62,59,48,61,48,52,64,59,60,62,40,40,40,40,40,62,58,60,67,65,59,62,2,3,Att:Sviluppo | Def:Base,DC,,DC,0,2,0,0,0,0,0,0,0,0,0,0,0,Muro Difensivo,Superiorita Aerea,Disimpegno acrobatico,,,,,,,,63,Standard,5,7,9,8,6,6,8,7,7,6,11
186086,Badr Bayou,Mantova BR,Italian 2nd Division,Italy,Europe,180,78,20,Destro,P,63,66,62,60,56,58,53,63,69,57,52,50,47,48,52,40,40,40,40,40,62,60,63,66,69,56,57,2,2,Att:Fulcro Di Gioco | Def:Base,P,,P,0,0,0,0,0,0,0,0,0,0,0,0,2,Colpo di Testa,Superiorita Aerea,,,,,,,,,63,Standard,5,7,9,8,6,6,8,7,7,6,11
186065,Tomas Ingles,Albacete BN,Spanish 2nd Division,Spain,Europe,180,78,22,Destro,P,63,64,63,62,59,60,53,64,61,57,57,52,42,46,53,40,40,40,40,40,63,62,65,63,60,62,58,2,2,Att:Opportunista | Def:Base,P,,P,0,0,0,0,0,0,0,0,0,0,0,0,2,,,,,,,,,,,63,Standard,5,7,9,7,6,7,8,6,7,7,7
186059,Maurizio Rossetti,Cesena BN,Italian 2nd Division,Italy,Europe,185,78,19,Destro,P,63,66,60,61,58,55,51,66,65,53,51,45,42,47,51,40,40,40,40,40,60,62,64,65,66,50,56,2,2,Att:Fulcro Di Gioco | Def:Base,P,,P,0,0,0,0,0,0,0,0,0,0,0,0,2,,,,,,,,,,,63,Standard,5,7,9,7,6,7,8,6,7,7,7
186058,Federico Malvestuto,Arezzo G,Italian 2nd Division,Italy,Europe,182,74,21,Destro,TD,63,57,60,63,57,59,64,44,55,57,63,57,60,63,60,40,40,40,40,40,66,66,59,61,58,61,67,2,2,Att:Attacking Full-back | Def:Base,TD,,TD,0,0,0,2,0,0,0,0,0,0,0,0,0,,,,,,,,,,,63,Standard,5,7,9,7,6,7,8,6,7,7,7
186046,Stefan Golubovic,Andorra la Vella AAR,Spanish 2nd Division,Serbia,Europe,180,78,20,Destro,P,63,65,59,58,55,59,52,64,66,57,57,52,42,46,53,40,40,40,40,40,60,60,63,62,68,62,60,2,2,Att:Opportunista | Def:Base,P,,P,0,0,0,0,0,0,0,0,0,0,0,0,2,,,,,,,,,,,63,Standard,5,7,9,7,6,7,8,6,7,7,7
186037,Hatem Mimoune,Dijon FCO,Ligue 2 BKT,France,Europe,181,69,19,Sinistro,TRQ,63,58,69,65,67,69,62,55,49,66,69,48,52,50,55,40,40,40,40,40,60,66,62,58,49,64,62,1,2,Att:Regista creativo | Def:Base,TRQ,,TRQ,0,0,0,0,0,0,0,0,2,0,0,0,0,Elastico,Doppio Passo e Giro,Rimbalzo interno,Controllo di suola,Passaggio di Prima,Cross Preciso,Esterno a giro,No-look,,,63,Standard,5,7,9,7,6,6,7,7,7,6,7
